{
"MCML_version_K": 3.02,
"num_photon": 15000000000,
"sim_time": 391.238,
"replay_time": 2.40083,
"sim_speed(photons/s)": 3.8106e+07,
"sim_GPU": "NVIDIA GeForce RTX 3060 Ti",
"each_photon_weight": 6.44245e+19,
"number_layers": 1,
"detect_mode": "ring",
"num_SDS": 5,
"SDS_detected_number": [ 1340305 , 559711 , 266177 , 131173 , 64471 ]
}