{
"MCML_version_K": 3.02,
"num_photon": 15000000000,
"sim_time": 389.504,
"replay_time": 5.21299,
"sim_speed(photons/s)": 3.80019e+07,
"sim_GPU": "NVIDIA GeForce RTX 3060 Ti",
"each_photon_weight": 6.44245e+19,
"number_layers": 1,
"detect_mode": "ring",
"num_SDS": 5,
"SDS_detected_number": [ 2623258 , 1212910 , 679783 , 420819 , 275377 ]
}