{
"MCML_version_K": 3.02,
"num_photon": 15000000000,
"sim_time": 290.086,
"replay_time": 3.77134,
"sim_speed(photons/s)": 5.10453e+07,
"sim_GPU": "NVIDIA GeForce RTX 3070",
"each_photon_weight": 6.44245e+19,
"number_layers": 1,
"detect_mode": "ring",
"num_SDS": 5,
"SDS_detected_number": [ 2598436 , 1200212 , 670546 , 413252 , 269220 ]
}