{
"MCML_version_K": 3.02,
"num_photon": 15000000000,
"sim_time": 294.148,
"replay_time": 3.31866,
"sim_speed(photons/s)": 5.04259e+07,
"sim_GPU": "NVIDIA GeForce RTX 3070",
"each_photon_weight": 6.44245e+19,
"number_layers": 1,
"detect_mode": "ring",
"num_SDS": 5,
"SDS_detected_number": [ 2256745 , 1028238 , 563759 , 339849 , 213752 ]
}